answer	answer_sentenceid	questionid	storyid
around three	006536d7-2be3-49a4-a750-769684e952ed_0	006536d7-2be3-49a4-a750-769684e952ed_Q0	006536d7-2be3-49a4-a750-769684e952ed
a scratching sound coming from my closet	006536d7-2be3-49a4-a750-769684e952ed_1	006536d7-2be3-49a4-a750-769684e952ed_Q1	006536d7-2be3-49a4-a750-769684e952ed
from my closet	006536d7-2be3-49a4-a750-769684e952ed_1	006536d7-2be3-49a4-a750-769684e952ed_Q2	006536d7-2be3-49a4-a750-769684e952ed
My little brother	006536d7-2be3-49a4-a750-769684e952ed_4	006536d7-2be3-49a4-a750-769684e952ed_Q3	006536d7-2be3-49a4-a750-769684e952ed
at an accounting firm	04c164f6-da41-48a3-8aa3-eb7b650bb5f0_0	04c164f6-da41-48a3-8aa3-eb7b650bb5f0_Q0	04c164f6-da41-48a3-8aa3-eb7b650bb5f0
No	04c164f6-da41-48a3-8aa3-eb7b650bb5f0_1	04c164f6-da41-48a3-8aa3-eb7b650bb5f0_Q1	04c164f6-da41-48a3-8aa3-eb7b650bb5f0
Larry grew tired of doing the same thing every day.	04c164f6-da41-48a3-8aa3-eb7b650bb5f0_2	04c164f6-da41-48a3-8aa3-eb7b650bb5f0_Q2	04c164f6-da41-48a3-8aa3-eb7b650bb5f0
nothing	04c164f6-da41-48a3-8aa3-eb7b650bb5f0_4	04c164f6-da41-48a3-8aa3-eb7b650bb5f0_Q3	04c164f6-da41-48a3-8aa3-eb7b650bb5f0
Tom	0beabab2-fb49-460e-a6e6-f35a202e3348_4	0beabab2-fb49-460e-a6e6-f35a202e3348_Q0	0beabab2-fb49-460e-a6e6-f35a202e3348
a guest	0beabab2-fb49-460e-a6e6-f35a202e3348_1	0beabab2-fb49-460e-a6e6-f35a202e3348_Q1	0beabab2-fb49-460e-a6e6-f35a202e3348
a hole in the wall of his house	0beabab2-fb49-460e-a6e6-f35a202e3348_2	0beabab2-fb49-460e-a6e6-f35a202e3348_Q2	0beabab2-fb49-460e-a6e6-f35a202e3348
with regret about his actions	0beabab2-fb49-460e-a6e6-f35a202e3348_4	0beabab2-fb49-460e-a6e6-f35a202e3348_Q3	0beabab2-fb49-460e-a6e6-f35a202e3348
a new job	0dd3e2c3-3ea4-450a-97c4-42a54c426018_0	0dd3e2c3-3ea4-450a-97c4-42a54c426018_Q0	0dd3e2c3-3ea4-450a-97c4-42a54c426018
She was nervous about her first day of work.	0dd3e2c3-3ea4-450a-97c4-42a54c426018_1	0dd3e2c3-3ea4-450a-97c4-42a54c426018_Q1	0dd3e2c3-3ea4-450a-97c4-42a54c426018
an hour	0dd3e2c3-3ea4-450a-97c4-42a54c426018_3	0dd3e2c3-3ea4-450a-97c4-42a54c426018_Q2	0dd3e2c3-3ea4-450a-97c4-42a54c426018
On the first day of work, Jane overslept.	0dd3e2c3-3ea4-450a-97c4-42a54c426018_2	0dd3e2c3-3ea4-450a-97c4-42a54c426018_Q3	0dd3e2c3-3ea4-450a-97c4-42a54c426018
when I was four years old	110fafd1-2bb7-4ffe-aac7-475706165d41_0	110fafd1-2bb7-4ffe-aac7-475706165d41_Q0	110fafd1-2bb7-4ffe-aac7-475706165d41
I got Charlie Horse when I was four years old.	110fafd1-2bb7-4ffe-aac7-475706165d41_0	110fafd1-2bb7-4ffe-aac7-475706165d41_Q1	110fafd1-2bb7-4ffe-aac7-475706165d41
He's a brown stuffed horse, and at 35 I still sleep with him at night.	110fafd1-2bb7-4ffe-aac7-475706165d41_1	110fafd1-2bb7-4ffe-aac7-475706165d41_Q2	110fafd1-2bb7-4ffe-aac7-475706165d41
liked to my radio	110fafd1-2bb7-4ffe-aac7-475706165d41_4	110fafd1-2bb7-4ffe-aac7-475706165d41_Q3	110fafd1-2bb7-4ffe-aac7-475706165d41
corn	13573c2e-5eed-40eb-bbe5-ed259b5c76a6_4	13573c2e-5eed-40eb-bbe5-ed259b5c76a6_Q0	13573c2e-5eed-40eb-bbe5-ed259b5c76a6
her backyard	13573c2e-5eed-40eb-bbe5-ed259b5c76a6_1	13573c2e-5eed-40eb-bbe5-ed259b5c76a6_Q1	13573c2e-5eed-40eb-bbe5-ed259b5c76a6
too much water	13573c2e-5eed-40eb-bbe5-ed259b5c76a6_3	13573c2e-5eed-40eb-bbe5-ed259b5c76a6_Q2	13573c2e-5eed-40eb-bbe5-ed259b5c76a6
corn	13573c2e-5eed-40eb-bbe5-ed259b5c76a6_4	13573c2e-5eed-40eb-bbe5-ed259b5c76a6_Q3	13573c2e-5eed-40eb-bbe5-ed259b5c76a6
some Pizza	1cc75245-93bd-44cc-b076-8d1b249e1ee5_1	1cc75245-93bd-44cc-b076-8d1b249e1ee5_Q0	1cc75245-93bd-44cc-b076-8d1b249e1ee5
Julie order the food through an online website.	1cc75245-93bd-44cc-b076-8d1b249e1ee5_2	1cc75245-93bd-44cc-b076-8d1b249e1ee5_Q1	1cc75245-93bd-44cc-b076-8d1b249e1ee5
a bite of the pizza	1cc75245-93bd-44cc-b076-8d1b249e1ee5_4	1cc75245-93bd-44cc-b076-8d1b249e1ee5_Q2	1cc75245-93bd-44cc-b076-8d1b249e1ee5
Julie went to take a bite of the pizza and it was burnt!	1cc75245-93bd-44cc-b076-8d1b249e1ee5_4	1cc75245-93bd-44cc-b076-8d1b249e1ee5_Q3	1cc75245-93bd-44cc-b076-8d1b249e1ee5
a goldfish	1e379d2b-69e8-485e-92ac-4c3daa41e364_0	1e379d2b-69e8-485e-92ac-4c3daa41e364_Q0	1e379d2b-69e8-485e-92ac-4c3daa41e364
from the pet store	1e379d2b-69e8-485e-92ac-4c3daa41e364_0	1e379d2b-69e8-485e-92ac-4c3daa41e364_Q1	1e379d2b-69e8-485e-92ac-4c3daa41e364
her that the goldfish had too much to eat .	1e379d2b-69e8-485e-92ac-4c3daa41e364_2	1e379d2b-69e8-485e-92ac-4c3daa41e364_Q2	1e379d2b-69e8-485e-92ac-4c3daa41e364
healthier	1e379d2b-69e8-485e-92ac-4c3daa41e364_4	1e379d2b-69e8-485e-92ac-4c3daa41e364_Q3	1e379d2b-69e8-485e-92ac-4c3daa41e364
his knee	210d56ce-a940-4766-9b7b-d086b2c5682d_1	210d56ce-a940-4766-9b7b-d086b2c5682d_Q0	210d56ce-a940-4766-9b7b-d086b2c5682d
-	-	210d56ce-a940-4766-9b7b-d086b2c5682d_Q1	210d56ce-a940-4766-9b7b-d086b2c5682d
a handkerchief in his pants	210d56ce-a940-4766-9b7b-d086b2c5682d_2	210d56ce-a940-4766-9b7b-d086b2c5682d_Q2	210d56ce-a940-4766-9b7b-d086b2c5682d
some peroxide and bandages	210d56ce-a940-4766-9b7b-d086b2c5682d_4	210d56ce-a940-4766-9b7b-d086b2c5682d_Q3	210d56ce-a940-4766-9b7b-d086b2c5682d
He noticed a wallet lying on the ground.	271616db-90c2-4303-9c2b-64f4061ceb56_1	271616db-90c2-4303-9c2b-64f4061ceb56_Q0	271616db-90c2-4303-9c2b-64f4061ceb56
to the police station	271616db-90c2-4303-9c2b-64f4061ceb56_2	271616db-90c2-4303-9c2b-64f4061ceb56_Q1	271616db-90c2-4303-9c2b-64f4061ceb56
That evening	271616db-90c2-4303-9c2b-64f4061ceb56_3	271616db-90c2-4303-9c2b-64f4061ceb56_Q2	271616db-90c2-4303-9c2b-64f4061ceb56
The old man	271616db-90c2-4303-9c2b-64f4061ceb56_4	271616db-90c2-4303-9c2b-64f4061ceb56_Q3	271616db-90c2-4303-9c2b-64f4061ceb56
Bill	2d16bcd6-692a-4fc0-8e7c-4a6f81d9efa9_3	2d16bcd6-692a-4fc0-8e7c-4a6f81d9efa9_Q0	2d16bcd6-692a-4fc0-8e7c-4a6f81d9efa9
the truck he wanted despite Bobby 's advice	2d16bcd6-692a-4fc0-8e7c-4a6f81d9efa9_4	2d16bcd6-692a-4fc0-8e7c-4a6f81d9efa9_Q1	2d16bcd6-692a-4fc0-8e7c-4a6f81d9efa9
He	2d16bcd6-692a-4fc0-8e7c-4a6f81d9efa9_4	2d16bcd6-692a-4fc0-8e7c-4a6f81d9efa9_Q2	2d16bcd6-692a-4fc0-8e7c-4a6f81d9efa9
two vehicles	2d16bcd6-692a-4fc0-8e7c-4a6f81d9efa9_2	2d16bcd6-692a-4fc0-8e7c-4a6f81d9efa9_Q3	2d16bcd6-692a-4fc0-8e7c-4a6f81d9efa9
Boston to Saco Maine	2ef3788f-6b2b-45c8-b6ba-71450d565e6a_1	2ef3788f-6b2b-45c8-b6ba-71450d565e6a_Q0	2ef3788f-6b2b-45c8-b6ba-71450d565e6a
in Portland	2ef3788f-6b2b-45c8-b6ba-71450d565e6a_2	2ef3788f-6b2b-45c8-b6ba-71450d565e6a_Q1	2ef3788f-6b2b-45c8-b6ba-71450d565e6a
the Amtrak	2ef3788f-6b2b-45c8-b6ba-71450d565e6a_1	2ef3788f-6b2b-45c8-b6ba-71450d565e6a_Q2	2ef3788f-6b2b-45c8-b6ba-71450d565e6a
My friend	2ef3788f-6b2b-45c8-b6ba-71450d565e6a_3	2ef3788f-6b2b-45c8-b6ba-71450d565e6a_Q3	2ef3788f-6b2b-45c8-b6ba-71450d565e6a
because his dog was showing a lot of aggression	375c34c9-3d98-4b2f-9076-404f34ad4e66_0	375c34c9-3d98-4b2f-9076-404f34ad4e66_Q0	375c34c9-3d98-4b2f-9076-404f34ad4e66
Walter	375c34c9-3d98-4b2f-9076-404f34ad4e66_2	375c34c9-3d98-4b2f-9076-404f34ad4e66_Q1	375c34c9-3d98-4b2f-9076-404f34ad4e66
the dog	375c34c9-3d98-4b2f-9076-404f34ad4e66_3	375c34c9-3d98-4b2f-9076-404f34ad4e66_Q2	375c34c9-3d98-4b2f-9076-404f34ad4e66
of the fleas and the dog 's bad mood	375c34c9-3d98-4b2f-9076-404f34ad4e66_4	375c34c9-3d98-4b2f-9076-404f34ad4e66_Q3	375c34c9-3d98-4b2f-9076-404f34ad4e66
his leg	3be3719a-ae77-4106-88ea-988afb19db99_1	3be3719a-ae77-4106-88ea-988afb19db99_Q0	3be3719a-ae77-4106-88ea-988afb19db99
for a minute	3be3719a-ae77-4106-88ea-988afb19db99_3	3be3719a-ae77-4106-88ea-988afb19db99_Q1	3be3719a-ae77-4106-88ea-988afb19db99
Yes	3be3719a-ae77-4106-88ea-988afb19db99_4	3be3719a-ae77-4106-88ea-988afb19db99_Q2	3be3719a-ae77-4106-88ea-988afb19db99
Robbie began to run again and finished the race in second place.	3be3719a-ae77-4106-88ea-988afb19db99_4	3be3719a-ae77-4106-88ea-988afb19db99_Q3	3be3719a-ae77-4106-88ea-988afb19db99
the big aquarium 	4d7b022e-25d2-4300-a9b0-24ab35f4045b_0	4d7b022e-25d2-4300-a9b0-24ab35f4045b_Q0	4d7b022e-25d2-4300-a9b0-24ab35f4045b
Melody took a nap during the two hour car ride to the aquarium.	4d7b022e-25d2-4300-a9b0-24ab35f4045b_1	4d7b022e-25d2-4300-a9b0-24ab35f4045b_Q1	4d7b022e-25d2-4300-a9b0-24ab35f4045b
sharks , tropical fish and	4d7b022e-25d2-4300-a9b0-24ab35f4045b_3	4d7b022e-25d2-4300-a9b0-24ab35f4045b_Q2	4d7b022e-25d2-4300-a9b0-24ab35f4045b
home	4d7b022e-25d2-4300-a9b0-24ab35f4045b_4	4d7b022e-25d2-4300-a9b0-24ab35f4045b_Q3	4d7b022e-25d2-4300-a9b0-24ab35f4045b
in another city 	50357157-3765-40b5-8e32-f86961c98be0_0	50357157-3765-40b5-8e32-f86961c98be0_Q0	50357157-3765-40b5-8e32-f86961c98be0
She	50357157-3765-40b5-8e32-f86961c98be0_2	50357157-3765-40b5-8e32-f86961c98be0_Q1	50357157-3765-40b5-8e32-f86961c98be0
if Nicole bought the tickets	50357157-3765-40b5-8e32-f86961c98be0_3	50357157-3765-40b5-8e32-f86961c98be0_Q2	50357157-3765-40b5-8e32-f86961c98be0
to the concert	50357157-3765-40b5-8e32-f86961c98be0_4	50357157-3765-40b5-8e32-f86961c98be0_Q3	50357157-3765-40b5-8e32-f86961c98be0
Universal Studios	5e76713f-92b2-4a5d-8f8d-510fde45705c_0	5e76713f-92b2-4a5d-8f8d-510fde45705c_Q0	5e76713f-92b2-4a5d-8f8d-510fde45705c
to go on all the rides	5e76713f-92b2-4a5d-8f8d-510fde45705c_1	5e76713f-92b2-4a5d-8f8d-510fde45705c_Q1	5e76713f-92b2-4a5d-8f8d-510fde45705c
a lot of the characters	5e76713f-92b2-4a5d-8f8d-510fde45705c_2	5e76713f-92b2-4a5d-8f8d-510fde45705c_Q2	5e76713f-92b2-4a5d-8f8d-510fde45705c
They spent three days in the park.	5e76713f-92b2-4a5d-8f8d-510fde45705c_3	5e76713f-92b2-4a5d-8f8d-510fde45705c_Q3	5e76713f-92b2-4a5d-8f8d-510fde45705c
a new hobby	61550fe1-c17d-4b94-b225-941026bdb68e_0	61550fe1-c17d-4b94-b225-941026bdb68e_Q0	61550fe1-c17d-4b94-b225-941026bdb68e
to the craft store	61550fe1-c17d-4b94-b225-941026bdb68e_1	61550fe1-c17d-4b94-b225-941026bdb68e_Q1	61550fe1-c17d-4b94-b225-941026bdb68e
an amazing masterpiece	61550fe1-c17d-4b94-b225-941026bdb68e_2	61550fe1-c17d-4b94-b225-941026bdb68e_Q2	61550fe1-c17d-4b94-b225-941026bdb68e
in her kitchen 	61550fe1-c17d-4b94-b225-941026bdb68e_4	61550fe1-c17d-4b94-b225-941026bdb68e_Q3	61550fe1-c17d-4b94-b225-941026bdb68e
to the lake	6ebc8d48-029b-4f00-89b3-773ce802825e_0	6ebc8d48-029b-4f00-89b3-773ce802825e_Q0	6ebc8d48-029b-4f00-89b3-773ce802825e
by the water	6ebc8d48-029b-4f00-89b3-773ce802825e_1	6ebc8d48-029b-4f00-89b3-773ce802825e_Q1	6ebc8d48-029b-4f00-89b3-773ce802825e
took a romantic trip	6ebc8d48-029b-4f00-89b3-773ce802825e_0	6ebc8d48-029b-4f00-89b3-773ce802825e_Q2	6ebc8d48-029b-4f00-89b3-773ce802825e
returned When they returned home , they decided to buy a lake house	6ebc8d48-029b-4f00-89b3-773ce802825e_4	6ebc8d48-029b-4f00-89b3-773ce802825e_Q3	6ebc8d48-029b-4f00-89b3-773ce802825e
to a restaurant	712702cc-f042-4ca5-84dc-ada756cc8959_0	712702cc-f042-4ca5-84dc-ada756cc8959_Q0	712702cc-f042-4ca5-84dc-ada756cc8959
ketchup	712702cc-f042-4ca5-84dc-ada756cc8959_4	712702cc-f042-4ca5-84dc-ada756cc8959_Q1	712702cc-f042-4ca5-84dc-ada756cc8959
ketchup	712702cc-f042-4ca5-84dc-ada756cc8959_4	712702cc-f042-4ca5-84dc-ada756cc8959_Q2	712702cc-f042-4ca5-84dc-ada756cc8959
No	712702cc-f042-4ca5-84dc-ada756cc8959_3	712702cc-f042-4ca5-84dc-ada756cc8959_Q3	712702cc-f042-4ca5-84dc-ada756cc8959
from me	77338898-07d4-4143-8451-284540c8b082_1	77338898-07d4-4143-8451-284540c8b082_Q0	77338898-07d4-4143-8451-284540c8b082
on the internet	77338898-07d4-4143-8451-284540c8b082_0	77338898-07d4-4143-8451-284540c8b082_Q1	77338898-07d4-4143-8451-284540c8b082
She stayed with me for a week or two.	77338898-07d4-4143-8451-284540c8b082_3	77338898-07d4-4143-8451-284540c8b082_Q2	77338898-07d4-4143-8451-284540c8b082
We decided we could n't be apart	77338898-07d4-4143-8451-284540c8b082_4	77338898-07d4-4143-8451-284540c8b082_Q3	77338898-07d4-4143-8451-284540c8b082
On Christmas morning he ran downstairs to the tree.	790d9cb4-4832-49e8-8137-331e79a4b9e6_1	790d9cb4-4832-49e8-8137-331e79a4b9e6_Q0	790d9cb4-4832-49e8-8137-331e79a4b9e6
so many presents	790d9cb4-4832-49e8-8137-331e79a4b9e6_2	790d9cb4-4832-49e8-8137-331e79a4b9e6_Q1	790d9cb4-4832-49e8-8137-331e79a4b9e6
so many presents	790d9cb4-4832-49e8-8137-331e79a4b9e6_2	790d9cb4-4832-49e8-8137-331e79a4b9e6_Q2	790d9cb4-4832-49e8-8137-331e79a4b9e6
Christmas	790d9cb4-4832-49e8-8137-331e79a4b9e6_3	790d9cb4-4832-49e8-8137-331e79a4b9e6_Q3	790d9cb4-4832-49e8-8137-331e79a4b9e6
The math teacher	8036c905-f23e-4976-83a1-85d679b5e0c2_0	8036c905-f23e-4976-83a1-85d679b5e0c2_Q0	8036c905-f23e-4976-83a1-85d679b5e0c2
About 5 minutes later	8036c905-f23e-4976-83a1-85d679b5e0c2_3	8036c905-f23e-4976-83a1-85d679b5e0c2_Q1	8036c905-f23e-4976-83a1-85d679b5e0c2
some students	8036c905-f23e-4976-83a1-85d679b5e0c2_1	8036c905-f23e-4976-83a1-85d679b5e0c2_Q2	8036c905-f23e-4976-83a1-85d679b5e0c2
I stood up feeling confident and turned it in .	8036c905-f23e-4976-83a1-85d679b5e0c2_4	8036c905-f23e-4976-83a1-85d679b5e0c2_Q3	8036c905-f23e-4976-83a1-85d679b5e0c2
on a trip to the amazon	865db3c4-a253-4d35-8766-25fc7e0a8cfb_0	865db3c4-a253-4d35-8766-25fc7e0a8cfb_Q0	865db3c4-a253-4d35-8766-25fc7e0a8cfb
at all the beauty	865db3c4-a253-4d35-8766-25fc7e0a8cfb_2	865db3c4-a253-4d35-8766-25fc7e0a8cfb_Q1	865db3c4-a253-4d35-8766-25fc7e0a8cfb
the US 	865db3c4-a253-4d35-8766-25fc7e0a8cfb_1	865db3c4-a253-4d35-8766-25fc7e0a8cfb_Q2	865db3c4-a253-4d35-8766-25fc7e0a8cfb
Jill had a wonderful time on her trip to the Amazon.	865db3c4-a253-4d35-8766-25fc7e0a8cfb_4	865db3c4-a253-4d35-8766-25fc7e0a8cfb_Q3	865db3c4-a253-4d35-8766-25fc7e0a8cfb
or too casual .	87da1a22-df0b-410c-b186-439700b70ba6_1	87da1a22-df0b-410c-b186-439700b70ba6_Q0	87da1a22-df0b-410c-b186-439700b70ba6
-	-	87da1a22-df0b-410c-b186-439700b70ba6_Q1	87da1a22-df0b-410c-b186-439700b70ba6
a pair of khakis	87da1a22-df0b-410c-b186-439700b70ba6_2	87da1a22-df0b-410c-b186-439700b70ba6_Q2	87da1a22-df0b-410c-b186-439700b70ba6
Yes	87da1a22-df0b-410c-b186-439700b70ba6_3	87da1a22-df0b-410c-b186-439700b70ba6_Q3	87da1a22-df0b-410c-b186-439700b70ba6
Chris is a defense attorney.	88fba119-ccac-4b82-881f-e609e188bebc_0	88fba119-ccac-4b82-881f-e609e188bebc_Q0	88fba119-ccac-4b82-881f-e609e188bebc
no	88fba119-ccac-4b82-881f-e609e188bebc_2	88fba119-ccac-4b82-881f-e609e188bebc_Q1	88fba119-ccac-4b82-881f-e609e188bebc
Yes	88fba119-ccac-4b82-881f-e609e188bebc_4	88fba119-ccac-4b82-881f-e609e188bebc_Q2	88fba119-ccac-4b82-881f-e609e188bebc
the case and the client	88fba119-ccac-4b82-881f-e609e188bebc_4	88fba119-ccac-4b82-881f-e609e188bebc_Q3	88fba119-ccac-4b82-881f-e609e188bebc
He realized he 'd been eating too much fast food lately	8bbe6d11-1e2e-413c-bf81-eaea05f4f1bd_2	8bbe6d11-1e2e-413c-bf81-eaea05f4f1bd_Q0	8bbe6d11-1e2e-413c-bf81-eaea05f4f1bd
stopped a vegetarian diet	8bbe6d11-1e2e-413c-bf81-eaea05f4f1bd_3	8bbe6d11-1e2e-413c-bf81-eaea05f4f1bd_Q1	8bbe6d11-1e2e-413c-bf81-eaea05f4f1bd
a few weeks	8bbe6d11-1e2e-413c-bf81-eaea05f4f1bd_4	8bbe6d11-1e2e-413c-bf81-eaea05f4f1bd_Q2	8bbe6d11-1e2e-413c-bf81-eaea05f4f1bd
a few weeks	8bbe6d11-1e2e-413c-bf81-eaea05f4f1bd_4	8bbe6d11-1e2e-413c-bf81-eaea05f4f1bd_Q3	8bbe6d11-1e2e-413c-bf81-eaea05f4f1bd
Ava was six years old.	8ca3cedb-510e-4454-ba08-93eaa605563b_0	8ca3cedb-510e-4454-ba08-93eaa605563b_Q0	8ca3cedb-510e-4454-ba08-93eaa605563b
Her mom	8ca3cedb-510e-4454-ba08-93eaa605563b_2	8ca3cedb-510e-4454-ba08-93eaa605563b_Q1	8ca3cedb-510e-4454-ba08-93eaa605563b
Yes	8ca3cedb-510e-4454-ba08-93eaa605563b_4	8ca3cedb-510e-4454-ba08-93eaa605563b_Q2	8ca3cedb-510e-4454-ba08-93eaa605563b
to the pool	8ca3cedb-510e-4454-ba08-93eaa605563b_2	8ca3cedb-510e-4454-ba08-93eaa605563b_Q3	8ca3cedb-510e-4454-ba08-93eaa605563b
Beth	8fba56f8-e9f8-45a9-a5b9-8adf1744e1ba_0	8fba56f8-e9f8-45a9-a5b9-8adf1744e1ba_Q0	8fba56f8-e9f8-45a9-a5b9-8adf1744e1ba
a letter	8fba56f8-e9f8-45a9-a5b9-8adf1744e1ba_0	8fba56f8-e9f8-45a9-a5b9-8adf1744e1ba_Q1	8fba56f8-e9f8-45a9-a5b9-8adf1744e1ba
no	8fba56f8-e9f8-45a9-a5b9-8adf1744e1ba_2	8fba56f8-e9f8-45a9-a5b9-8adf1744e1ba_Q2	8fba56f8-e9f8-45a9-a5b9-8adf1744e1ba
that Santa a fake	8fba56f8-e9f8-45a9-a5b9-8adf1744e1ba_3	8fba56f8-e9f8-45a9-a5b9-8adf1744e1ba_Q3	8fba56f8-e9f8-45a9-a5b9-8adf1744e1ba
hockey	8fbef343-8806-4bcf-9326-08ca6ebf6cb9_0	8fbef343-8806-4bcf-9326-08ca6ebf6cb9_Q0	8fbef343-8806-4bcf-9326-08ca6ebf6cb9
Luke	8fbef343-8806-4bcf-9326-08ca6ebf6cb9_4	8fbef343-8806-4bcf-9326-08ca6ebf6cb9_Q1	8fbef343-8806-4bcf-9326-08ca6ebf6cb9
Everybody	8fbef343-8806-4bcf-9326-08ca6ebf6cb9_3	8fbef343-8806-4bcf-9326-08ca6ebf6cb9_Q2	8fbef343-8806-4bcf-9326-08ca6ebf6cb9
Luke was so proud of himself!	8fbef343-8806-4bcf-9326-08ca6ebf6cb9_4	8fbef343-8806-4bcf-9326-08ca6ebf6cb9_Q3	8fbef343-8806-4bcf-9326-08ca6ebf6cb9
the tacos	9a66b66d-034d-495e-a60e-e22c25e0e0fa_4	9a66b66d-034d-495e-a60e-e22c25e0e0fa_Q0	9a66b66d-034d-495e-a60e-e22c25e0e0fa
Heather	9a66b66d-034d-495e-a60e-e22c25e0e0fa_3	9a66b66d-034d-495e-a60e-e22c25e0e0fa_Q1	9a66b66d-034d-495e-a60e-e22c25e0e0fa
five kids	a107d361-e8a4-4cb6-8ffb-623a4c49ee1e_4	a107d361-e8a4-4cb6-8ffb-623a4c49ee1e_Q0	a107d361-e8a4-4cb6-8ffb-623a4c49ee1e
five kids	a107d361-e8a4-4cb6-8ffb-623a4c49ee1e_4	a107d361-e8a4-4cb6-8ffb-623a4c49ee1e_Q1	a107d361-e8a4-4cb6-8ffb-623a4c49ee1e
Now, Stacy is selling all her maternity and baby clothes.	a107d361-e8a4-4cb6-8ffb-623a4c49ee1e_3	a107d361-e8a4-4cb6-8ffb-623a4c49ee1e_Q2	a107d361-e8a4-4cb6-8ffb-623a4c49ee1e
Yes	a107d361-e8a4-4cb6-8ffb-623a4c49ee1e_4	a107d361-e8a4-4cb6-8ffb-623a4c49ee1e_Q3	a107d361-e8a4-4cb6-8ffb-623a4c49ee1e
a bottle of beer	a111d580-1fb2-4ab1-848a-0856982dfcd5_0	a111d580-1fb2-4ab1-848a-0856982dfcd5_Q0	a111d580-1fb2-4ab1-848a-0856982dfcd5
a popping noise	a111d580-1fb2-4ab1-848a-0856982dfcd5_1	a111d580-1fb2-4ab1-848a-0856982dfcd5_Q1	a111d580-1fb2-4ab1-848a-0856982dfcd5
burst	a111d580-1fb2-4ab1-848a-0856982dfcd5_2	a111d580-1fb2-4ab1-848a-0856982dfcd5_Q2	a111d580-1fb2-4ab1-848a-0856982dfcd5
a warm beer	a111d580-1fb2-4ab1-848a-0856982dfcd5_4	a111d580-1fb2-4ab1-848a-0856982dfcd5_Q3	a111d580-1fb2-4ab1-848a-0856982dfcd5
Jude	a8d6e66b-da81-4dc7-a470-67f2ab32b9e6_0	a8d6e66b-da81-4dc7-a470-67f2ab32b9e6_Q0	a8d6e66b-da81-4dc7-a470-67f2ab32b9e6
the way to the arena in traffic	a8d6e66b-da81-4dc7-a470-67f2ab32b9e6_1	a8d6e66b-da81-4dc7-a470-67f2ab32b9e6_Q1	a8d6e66b-da81-4dc7-a470-67f2ab32b9e6
Yes	a8d6e66b-da81-4dc7-a470-67f2ab32b9e6_3	a8d6e66b-da81-4dc7-a470-67f2ab32b9e6_Q2	a8d6e66b-da81-4dc7-a470-67f2ab32b9e6
Jude was very excited about his college graduation ceremony.	a8d6e66b-da81-4dc7-a470-67f2ab32b9e6_0	a8d6e66b-da81-4dc7-a470-67f2ab32b9e6_Q3	a8d6e66b-da81-4dc7-a470-67f2ab32b9e6
Anna	aab4ee80-fc00-4d9c-a127-a63b54dfd193_0	aab4ee80-fc00-4d9c-a127-a63b54dfd193_Q0	aab4ee80-fc00-4d9c-a127-a63b54dfd193
of thunder	ae7e744e-fd27-46c2-befb-7e8427cb679c_0	ae7e744e-fd27-46c2-befb-7e8427cb679c_Q0	ae7e744e-fd27-46c2-befb-7e8427cb679c
in the kneehole of my desk	ae7e744e-fd27-46c2-befb-7e8427cb679c_3	ae7e744e-fd27-46c2-befb-7e8427cb679c_Q1	ae7e744e-fd27-46c2-befb-7e8427cb679c
Chad 's dog	b93f956f-2256-4c6d-91d2-7675dff455f0_0	b93f956f-2256-4c6d-91d2-7675dff455f0_Q0	b93f956f-2256-4c6d-91d2-7675dff455f0
Chad	b93f956f-2256-4c6d-91d2-7675dff455f0_2	b93f956f-2256-4c6d-91d2-7675dff455f0_Q1	b93f956f-2256-4c6d-91d2-7675dff455f0
how to behave	b93f956f-2256-4c6d-91d2-7675dff455f0_3	b93f956f-2256-4c6d-91d2-7675dff455f0_Q2	b93f956f-2256-4c6d-91d2-7675dff455f0
to finally show off his dog to others	b93f956f-2256-4c6d-91d2-7675dff455f0_4	b93f956f-2256-4c6d-91d2-7675dff455f0_Q3	b93f956f-2256-4c6d-91d2-7675dff455f0
the bus	b94e1810-9869-4af6-bb74-b4a51c46f3d2_3	b94e1810-9869-4af6-bb74-b4a51c46f3d2_Q0	b94e1810-9869-4af6-bb74-b4a51c46f3d2
His girlfriend	b94e1810-9869-4af6-bb74-b4a51c46f3d2_1	b94e1810-9869-4af6-bb74-b4a51c46f3d2_Q1	b94e1810-9869-4af6-bb74-b4a51c46f3d2
His brother	b94e1810-9869-4af6-bb74-b4a51c46f3d2_2	b94e1810-9869-4af6-bb74-b4a51c46f3d2_Q2	b94e1810-9869-4af6-bb74-b4a51c46f3d2
a ride to the store	b94e1810-9869-4af6-bb74-b4a51c46f3d2_0	b94e1810-9869-4af6-bb74-b4a51c46f3d2_Q3	b94e1810-9869-4af6-bb74-b4a51c46f3d2
therapy	bfa4ef8c-715d-4287-88a5-035611e34e40_3	bfa4ef8c-715d-4287-88a5-035611e34e40_Q0	bfa4ef8c-715d-4287-88a5-035611e34e40
His girlfriend	bfa4ef8c-715d-4287-88a5-035611e34e40_1	bfa4ef8c-715d-4287-88a5-035611e34e40_Q1	bfa4ef8c-715d-4287-88a5-035611e34e40
Justin went to therapy to help him get over his fear .	bfa4ef8c-715d-4287-88a5-035611e34e40_2	bfa4ef8c-715d-4287-88a5-035611e34e40_Q2	bfa4ef8c-715d-4287-88a5-035611e34e40
therapy	bfa4ef8c-715d-4287-88a5-035611e34e40_3	bfa4ef8c-715d-4287-88a5-035611e34e40_Q3	bfa4ef8c-715d-4287-88a5-035611e34e40
Andy was disappointed with his new, bold, green hair color.	c400d38a-54fc-45da-99ed-558fcfc81016_4	c400d38a-54fc-45da-99ed-558fcfc81016_Q0	c400d38a-54fc-45da-99ed-558fcfc81016
bold	c400d38a-54fc-45da-99ed-558fcfc81016_4	c400d38a-54fc-45da-99ed-558fcfc81016_Q1	c400d38a-54fc-45da-99ed-558fcfc81016
the stylist	c400d38a-54fc-45da-99ed-558fcfc81016_3	c400d38a-54fc-45da-99ed-558fcfc81016_Q2	c400d38a-54fc-45da-99ed-558fcfc81016
No	c400d38a-54fc-45da-99ed-558fcfc81016_4	c400d38a-54fc-45da-99ed-558fcfc81016_Q3	c400d38a-54fc-45da-99ed-558fcfc81016
John was a pastor with a very bad memory.	c71bb23b-7731-4233-8298-76ba6886cee1_0	c71bb23b-7731-4233-8298-76ba6886cee1_Q0	c71bb23b-7731-4233-8298-76ba6886cee1
Sundays	c71bb23b-7731-4233-8298-76ba6886cee1_3	c71bb23b-7731-4233-8298-76ba6886cee1_Q1	c71bb23b-7731-4233-8298-76ba6886cee1
Yes	c71bb23b-7731-4233-8298-76ba6886cee1_4	c71bb23b-7731-4233-8298-76ba6886cee1_Q2	c71bb23b-7731-4233-8298-76ba6886cee1
Sundays	c71bb23b-7731-4233-8298-76ba6886cee1_3	c71bb23b-7731-4233-8298-76ba6886cee1_Q3	c71bb23b-7731-4233-8298-76ba6886cee1
One day	d869c6d9-4a06-4d94-bf97-dc37167a5520_0	d869c6d9-4a06-4d94-bf97-dc37167a5520_Q0	d869c6d9-4a06-4d94-bf97-dc37167a5520
baseball	d869c6d9-4a06-4d94-bf97-dc37167a5520_1	d869c6d9-4a06-4d94-bf97-dc37167a5520_Q1	d869c6d9-4a06-4d94-bf97-dc37167a5520
Karl is very competitive and will do anything to win .	d869c6d9-4a06-4d94-bf97-dc37167a5520_2	d869c6d9-4a06-4d94-bf97-dc37167a5520_Q2	d869c6d9-4a06-4d94-bf97-dc37167a5520
One day , he slid into second base to beat a throw and hurt his knee	d869c6d9-4a06-4d94-bf97-dc37167a5520_3	d869c6d9-4a06-4d94-bf97-dc37167a5520_Q3	d869c6d9-4a06-4d94-bf97-dc37167a5520
her local fast food establishment	e663b977-2af7-4b1d-bd33-352d932f851b_0	e663b977-2af7-4b1d-bd33-352d932f851b_Q0	e663b977-2af7-4b1d-bd33-352d932f851b
No	e663b977-2af7-4b1d-bd33-352d932f851b_1	e663b977-2af7-4b1d-bd33-352d932f851b_Q1	e663b977-2af7-4b1d-bd33-352d932f851b
Wendy	e663b977-2af7-4b1d-bd33-352d932f851b_2	e663b977-2af7-4b1d-bd33-352d932f851b_Q2	e663b977-2af7-4b1d-bd33-352d932f851b
The cook	e663b977-2af7-4b1d-bd33-352d932f851b_3	e663b977-2af7-4b1d-bd33-352d932f851b_Q3	e663b977-2af7-4b1d-bd33-352d932f851b
Eric 's wife	f3643541-c339-4377-851d-144ea400d551_1	f3643541-c339-4377-851d-144ea400d551_Q0	f3643541-c339-4377-851d-144ea400d551
Eric	f3643541-c339-4377-851d-144ea400d551_3	f3643541-c339-4377-851d-144ea400d551_Q1	f3643541-c339-4377-851d-144ea400d551
her 5 years	f3643541-c339-4377-851d-144ea400d551_3	f3643541-c339-4377-851d-144ea400d551_Q2	f3643541-c339-4377-851d-144ea400d551
Eric and Meg	f3643541-c339-4377-851d-144ea400d551_2	f3643541-c339-4377-851d-144ea400d551_Q3	f3643541-c339-4377-851d-144ea400d551
a house	f7559f25-0358-4f57-b079-dec2199b4ec3_0	f7559f25-0358-4f57-b079-dec2199b4ec3_Q0	f7559f25-0358-4f57-b079-dec2199b4ec3
He	f7559f25-0358-4f57-b079-dec2199b4ec3_1	f7559f25-0358-4f57-b079-dec2199b4ec3_Q1	f7559f25-0358-4f57-b079-dec2199b4ec3
he would move out .	f7559f25-0358-4f57-b079-dec2199b4ec3_3	f7559f25-0358-4f57-b079-dec2199b4ec3_Q2	f7559f25-0358-4f57-b079-dec2199b4ec3
He found a place and moved out as fast as he could .	f7559f25-0358-4f57-b079-dec2199b4ec3_4	f7559f25-0358-4f57-b079-dec2199b4ec3_Q3	f7559f25-0358-4f57-b079-dec2199b4ec3
Suzy	4014eba9-f77e-4c1d-843f-135b6ec3aa42_0	4014eba9-f77e-4c1d-843f-135b6ec3aa42_Q0	4014eba9-f77e-4c1d-843f-135b6ec3aa42
paw	4014eba9-f77e-4c1d-843f-135b6ec3aa42_1	4014eba9-f77e-4c1d-843f-135b6ec3aa42_Q1	4014eba9-f77e-4c1d-843f-135b6ec3aa42
her daddy	4014eba9-f77e-4c1d-843f-135b6ec3aa42_3	4014eba9-f77e-4c1d-843f-135b6ec3aa42_Q2	4014eba9-f77e-4c1d-843f-135b6ec3aa42
that daddy bought her the paw patrol toy	4014eba9-f77e-4c1d-843f-135b6ec3aa42_4	4014eba9-f77e-4c1d-843f-135b6ec3aa42_Q3	4014eba9-f77e-4c1d-843f-135b6ec3aa42
Two weeks ago	e7a76ca7-b80a-4b39-9b6f-b5e8e2a9c644_0	e7a76ca7-b80a-4b39-9b6f-b5e8e2a9c644_Q0	e7a76ca7-b80a-4b39-9b6f-b5e8e2a9c644
She was watching her ten and seven year old grandchildren.	e7a76ca7-b80a-4b39-9b6f-b5e8e2a9c644_1	e7a76ca7-b80a-4b39-9b6f-b5e8e2a9c644_Q1	e7a76ca7-b80a-4b39-9b6f-b5e8e2a9c644
They were misbehaving, and getting restless.	e7a76ca7-b80a-4b39-9b6f-b5e8e2a9c644_2	e7a76ca7-b80a-4b39-9b6f-b5e8e2a9c644_Q2	e7a76ca7-b80a-4b39-9b6f-b5e8e2a9c644
for distraction	e7a76ca7-b80a-4b39-9b6f-b5e8e2a9c644_3	e7a76ca7-b80a-4b39-9b6f-b5e8e2a9c644_Q3	e7a76ca7-b80a-4b39-9b6f-b5e8e2a9c644
a cake	4a58b6a6-ab4c-4bea-8c59-d110f7fc8d06_0	4a58b6a6-ab4c-4bea-8c59-d110f7fc8d06_Q0	4a58b6a6-ab4c-4bea-8c59-d110f7fc8d06
for ingredients	4a58b6a6-ab4c-4bea-8c59-d110f7fc8d06_1	4a58b6a6-ab4c-4bea-8c59-d110f7fc8d06_Q1	4a58b6a6-ab4c-4bea-8c59-d110f7fc8d06
She needed cocoa powder but could not find any .	4a58b6a6-ab4c-4bea-8c59-d110f7fc8d06_2	4a58b6a6-ab4c-4bea-8c59-d110f7fc8d06_Q2	4a58b6a6-ab4c-4bea-8c59-d110f7fc8d06
chocolate	4a58b6a6-ab4c-4bea-8c59-d110f7fc8d06_3	4a58b6a6-ab4c-4bea-8c59-d110f7fc8d06_Q3	4a58b6a6-ab4c-4bea-8c59-d110f7fc8d06
in class	ea4ef18f-a227-4141-9628-760f68b0484f_0	ea4ef18f-a227-4141-9628-760f68b0484f_Q0	ea4ef18f-a227-4141-9628-760f68b0484f
Everyone	ea4ef18f-a227-4141-9628-760f68b0484f_1	ea4ef18f-a227-4141-9628-760f68b0484f_Q1	ea4ef18f-a227-4141-9628-760f68b0484f
Diana	ea4ef18f-a227-4141-9628-760f68b0484f_0	ea4ef18f-a227-4141-9628-760f68b0484f_Q2	ea4ef18f-a227-4141-9628-760f68b0484f
that they were not mad at me	ea4ef18f-a227-4141-9628-760f68b0484f_4	ea4ef18f-a227-4141-9628-760f68b0484f_Q3	ea4ef18f-a227-4141-9628-760f68b0484f
early yesterday	c61b63e2-1715-4cc5-8ef2-877d6a3b27c5_0	c61b63e2-1715-4cc5-8ef2-877d6a3b27c5_Q0	c61b63e2-1715-4cc5-8ef2-877d6a3b27c5
yesterday because I was going on a trip	c61b63e2-1715-4cc5-8ef2-877d6a3b27c5_0	c61b63e2-1715-4cc5-8ef2-877d6a3b27c5_Q1	c61b63e2-1715-4cc5-8ef2-877d6a3b27c5
to Dunn 's river	c61b63e2-1715-4cc5-8ef2-877d6a3b27c5_2	c61b63e2-1715-4cc5-8ef2-877d6a3b27c5_Q2	c61b63e2-1715-4cc5-8ef2-877d6a3b27c5
Dunn 's	c61b63e2-1715-4cc5-8ef2-877d6a3b27c5_2	c61b63e2-1715-4cc5-8ef2-877d6a3b27c5_Q3	c61b63e2-1715-4cc5-8ef2-877d6a3b27c5
Tim	a401dae3-2777-4bbc-b1b2-8c2e28f49679_3	a401dae3-2777-4bbc-b1b2-8c2e28f49679_Q0	a401dae3-2777-4bbc-b1b2-8c2e28f49679
in the hot tub	a401dae3-2777-4bbc-b1b2-8c2e28f49679_1	a401dae3-2777-4bbc-b1b2-8c2e28f49679_Q1	a401dae3-2777-4bbc-b1b2-8c2e28f49679
many souvenirs	a401dae3-2777-4bbc-b1b2-8c2e28f49679_3	a401dae3-2777-4bbc-b1b2-8c2e28f49679_Q2	a401dae3-2777-4bbc-b1b2-8c2e28f49679
He was sad when his vacation was over.	a401dae3-2777-4bbc-b1b2-8c2e28f49679_4	a401dae3-2777-4bbc-b1b2-8c2e28f49679_Q3	a401dae3-2777-4bbc-b1b2-8c2e28f49679
for a new car	ec56f0bb-b5f6-4d93-9b60-754e9fa6d5ae_0	ec56f0bb-b5f6-4d93-9b60-754e9fa6d5ae_Q0	ec56f0bb-b5f6-4d93-9b60-754e9fa6d5ae
the dealership	ec56f0bb-b5f6-4d93-9b60-754e9fa6d5ae_1	ec56f0bb-b5f6-4d93-9b60-754e9fa6d5ae_Q1	ec56f0bb-b5f6-4d93-9b60-754e9fa6d5ae
He	ec56f0bb-b5f6-4d93-9b60-754e9fa6d5ae_3	ec56f0bb-b5f6-4d93-9b60-754e9fa6d5ae_Q2	ec56f0bb-b5f6-4d93-9b60-754e9fa6d5ae
Ted was so happy with his new car.	ec56f0bb-b5f6-4d93-9b60-754e9fa6d5ae_4	ec56f0bb-b5f6-4d93-9b60-754e9fa6d5ae_Q3	ec56f0bb-b5f6-4d93-9b60-754e9fa6d5ae
all the good ideas of his employees	d784f6e9-d27f-4932-99ef-e6e5fb1b7b7e_1	d784f6e9-d27f-4932-99ef-e6e5fb1b7b7e_Q0	d784f6e9-d27f-4932-99ef-e6e5fb1b7b7e
no way to fix the problem they were facing	d784f6e9-d27f-4932-99ef-e6e5fb1b7b7e_2	d784f6e9-d27f-4932-99ef-e6e5fb1b7b7e_Q1	d784f6e9-d27f-4932-99ef-e6e5fb1b7b7e
His own boss	d784f6e9-d27f-4932-99ef-e6e5fb1b7b7e_3	d784f6e9-d27f-4932-99ef-e6e5fb1b7b7e_Q2	d784f6e9-d27f-4932-99ef-e6e5fb1b7b7e
demote his privileges	d784f6e9-d27f-4932-99ef-e6e5fb1b7b7e_4	d784f6e9-d27f-4932-99ef-e6e5fb1b7b7e_Q3	d784f6e9-d27f-4932-99ef-e6e5fb1b7b7e
Anthony auditioned for a solo.	c6f6d339-3ce5-42b4-9d15-434eb77d25a9_0	c6f6d339-3ce5-42b4-9d15-434eb77d25a9_Q0	c6f6d339-3ce5-42b4-9d15-434eb77d25a9
the stage	c6f6d339-3ce5-42b4-9d15-434eb77d25a9_4	c6f6d339-3ce5-42b4-9d15-434eb77d25a9_Q1	c6f6d339-3ce5-42b4-9d15-434eb77d25a9
gave pep	c6f6d339-3ce5-42b4-9d15-434eb77d25a9_3	c6f6d339-3ce5-42b4-9d15-434eb77d25a9_Q2	c6f6d339-3ce5-42b4-9d15-434eb77d25a9
took sang	c6f6d339-3ce5-42b4-9d15-434eb77d25a9_4	c6f6d339-3ce5-42b4-9d15-434eb77d25a9_Q3	c6f6d339-3ce5-42b4-9d15-434eb77d25a9
into the living room	f15c3d84-34ad-4b32-85f8-81cb3364f1c8_0	f15c3d84-34ad-4b32-85f8-81cb3364f1c8_Q0	f15c3d84-34ad-4b32-85f8-81cb3364f1c8
As she entered , she accidentally bumped into the coffee table	f15c3d84-34ad-4b32-85f8-81cb3364f1c8_1	f15c3d84-34ad-4b32-85f8-81cb3364f1c8_Q1	f15c3d84-34ad-4b32-85f8-81cb3364f1c8
in large pieces	f15c3d84-34ad-4b32-85f8-81cb3364f1c8_2	f15c3d84-34ad-4b32-85f8-81cb3364f1c8_Q2	f15c3d84-34ad-4b32-85f8-81cb3364f1c8
onto the table as if nothing happened 	f15c3d84-34ad-4b32-85f8-81cb3364f1c8_4	f15c3d84-34ad-4b32-85f8-81cb3364f1c8_Q3	f15c3d84-34ad-4b32-85f8-81cb3364f1c8
Anna was very nervous about her blind date later that evening.	3d134fa3-ae1a-4aa3-bdf7-64d2d89e1d6a_0	3d134fa3-ae1a-4aa3-bdf7-64d2d89e1d6a_Q0	3d134fa3-ae1a-4aa3-bdf7-64d2d89e1d6a
After many outfit changes	3d134fa3-ae1a-4aa3-bdf7-64d2d89e1d6a_1	3d134fa3-ae1a-4aa3-bdf7-64d2d89e1d6a_Q1	3d134fa3-ae1a-4aa3-bdf7-64d2d89e1d6a
Anna was five minutes early to the agreed upon restaurant.	3d134fa3-ae1a-4aa3-bdf7-64d2d89e1d6a_2	3d134fa3-ae1a-4aa3-bdf7-64d2d89e1d6a_Q2	3d134fa3-ae1a-4aa3-bdf7-64d2d89e1d6a
to find herself enjoying her dinner date	3d134fa3-ae1a-4aa3-bdf7-64d2d89e1d6a_3	3d134fa3-ae1a-4aa3-bdf7-64d2d89e1d6a_Q3	3d134fa3-ae1a-4aa3-bdf7-64d2d89e1d6a
around the pond	522e694b-65a0-48cb-a685-f50ae70b0e41_0	522e694b-65a0-48cb-a685-f50ae70b0e41_Q0	522e694b-65a0-48cb-a685-f50ae70b0e41
a frog resting on the lily pad	522e694b-65a0-48cb-a685-f50ae70b0e41_1	522e694b-65a0-48cb-a685-f50ae70b0e41_Q1	522e694b-65a0-48cb-a685-f50ae70b0e41
a rock	522e694b-65a0-48cb-a685-f50ae70b0e41_2	522e694b-65a0-48cb-a685-f50ae70b0e41_Q2	522e694b-65a0-48cb-a685-f50ae70b0e41
away .	522e694b-65a0-48cb-a685-f50ae70b0e41_4	522e694b-65a0-48cb-a685-f50ae70b0e41_Q3	522e694b-65a0-48cb-a685-f50ae70b0e41
a beautiful dress	c0c04169-38b8-45f8-81d4-146b2e0b1a4a_0	c0c04169-38b8-45f8-81d4-146b2e0b1a4a_Q0	c0c04169-38b8-45f8-81d4-146b2e0b1a4a
to her favorite store	c0c04169-38b8-45f8-81d4-146b2e0b1a4a_1	c0c04169-38b8-45f8-81d4-146b2e0b1a4a_Q1	c0c04169-38b8-45f8-81d4-146b2e0b1a4a
No	c0c04169-38b8-45f8-81d4-146b2e0b1a4a_2	c0c04169-38b8-45f8-81d4-146b2e0b1a4a_Q2	c0c04169-38b8-45f8-81d4-146b2e0b1a4a
three more stores	c0c04169-38b8-45f8-81d4-146b2e0b1a4a_3	c0c04169-38b8-45f8-81d4-146b2e0b1a4a_Q3	c0c04169-38b8-45f8-81d4-146b2e0b1a4a
on a branch of a tree with a piece of cheese	fables-01_0	fables-01_Q1	fables-01
A Crow	fables-01_0	fables-01_Q10	fables-01
A Crow	fables-01_0	fables-01_Q11	fables-01
Her beauty is without equal, the hue of her plumage exquisite.	fables-01_2	fables-01_Q12	fables-01
The Crow was hugely flattered by this, and just to show the Fox that she could sing she gave a loud caw.	fables-01_4	fables-01_Q13	fables-01
A Crow	fables-01_0	fables-01_Q14	fables-01
A Crow	fables-01_0	fables-01_Q15	fables-01
The Crow	fables-01_4	fables-01_Q16	fables-01
A Crow	fables-01_0	fables-01_Q17	fables-01
The Crow	fables-01_4	fables-01_Q18	fables-01
Her beauty is without equal, the hue of her plumage exquisite.	fables-01_2	fables-01_Q19	fables-01
Her beauty is without equal, the hue of her plumage exquisite.	fables-01_2	fables-01_Q20	fables-01
under the tree he looked up and said , What a noble bird I see above me !	fables-01_1	fables-01_Q21	fables-01
Her beauty is without equal, the hue of her plumage exquisite.	fables-01_2	fables-01_Q22	fables-01
A Crow was sitting on a branch of a tree with a piece of cheese in her beak when a Fox observed her and set his wits to work to discover some way of getting the cheese.	fables-01_0	fables-01_Q2	fables-01
Down	fables-01_5	fables-01_Q3	fables-01
came of course	fables-01_5	fables-01_Q4	fables-01
a branch of a tree with a piece of cheese in her beak	fables-01_0	fables-01_Q5	fables-01
the Fox	fables-01_4	fables-01_Q6	fables-01
A Crow	fables-01_0	fables-01_Q7	fables-01
A Crow was sitting on a branch of a tree with a piece of cheese in her beak when a Fox observed her and set his wits to work to discover some way of getting the cheese.	fables-01_0	fables-01_Q8	fables-01
course	fables-01_5	fables-01_Q9	fables-01
A Lion	fables-02_0	fables-02_Q1	fables-02
him , for he was afraid of his sharp horns .	fables-02_0	fables-02_Q10	fables-02
A Lion watched a fat Bull feeding in a meadow, and his mouth watered when he thought of the royal feast he would make, but he did not dare to attack him, for he was afraid of his sharp horns.	fables-02_0	fables-02_Q11	fables-02
The Bull was foolish enough to be persuaded by this flattery to have his horns cut off; and, having now lost his only means of defense, fell an easy prey to the Lion.	fables-02_8	fables-02_Q12	fables-02
The Bull	fables-02_8	fables-02_Q13	fables-02
a fat Bull feeding in a meadow , and his mouth watered when he thought of the royal feast he would make , but he did not dare to attack him , for he was afraid of his sharp horns .	fables-02_0	fables-02_Q14	fables-02
of the royal feast he would make	fables-02_0	fables-02_Q15	fables-02
a fat Bull feeding in a meadow , and his mouth watered when he thought of the royal feast he would make , but he did not dare to attack him , for he was afraid of his sharp horns .	fables-02_0	fables-02_Q16	fables-02
of the royal feast he would make	fables-02_0	fables-02_Q17	fables-02
The Bull	fables-02_8	fables-02_Q18	fables-02
A Lion	fables-02_0	fables-02_Q19	fables-02
The Bull	fables-02_8	fables-02_Q2	fables-02
to attack him , for he was afraid of his sharp horns .	fables-02_0	fables-02_Q20	fables-02
The Bull was foolish enough to be persuaded by this flattery to have his horns cut off; and, having now lost his only means of defense, fell an easy prey to the Lion.	fables-02_8	fables-02_Q21	fables-02
of the royal feast he would make	fables-02_0	fables-02_Q22	fables-02
The Bull	fables-02_8	fables-02_Q23	fables-02
A Lion watched a fat Bull feeding in a meadow, and his mouth watered when he thought of the royal feast he would make, but he did not dare to attack him, for he was afraid of his sharp horns.	fables-02_0	fables-02-24	fables-02
The Bull	fables-02_8	fables-02-25	fables-02
a meadow of the royal feast of his sharp horns	fables-02_0	fables-02-26	fables-02
What powerful shoulders and thighs!	fables-02_4	fables-02-27	fables-02
his horns	fables-02_8	fables-02-28	fables-02
What powerful shoulders and thighs!	fables-02_4	fables-02-29	fables-02
The Bull was foolish enough to be persuaded by this flattery to have his horns cut off; and, having now lost his only means of defense, fell an easy prey to the Lion.	fables-02_8	fables-02-30	fables-02
A Lion	fables-02_0	fables-02-31	fables-02
The Bull	fables-02_8	fables-02-32	fables-02
The Bull	fables-02_8	fables-02-33	fables-02
The Bull was foolish enough to be persuaded by this flattery to have his horns cut off; and, having now lost his only means of defense, fell an easy prey to the Lion.	fables-02_8	fables-02-34	fables-02
The Bull	fables-02_8	fables-02-35	fables-02
The Bull	fables-02_8	fables-02-36	fables-02
a meadow of the royal feast of his sharp horns	fables-02_0	fables-02_Q3	fables-02
A Lion	fables-02_0	fables-02_Q4	fables-02
A Lion	fables-02_0	fables-02_Q5	fables-02
Bull	fables-02_0	fables-02_Q6	fables-02
The Bull	fables-02_8	fables-02_Q7	fables-02
The Bull	fables-02_8	fables-02_Q8	fables-02
of the royal feast he would make	fables-02_0	fables-02_Q9	fables-02
his exertions	fables-03_4	fables-03_Q1	fables-03
upon the ground	fables-03_4	fables-03_Q10	fables-03
of his poison	fables-03_3	fables-03_Q11	fables-03
spat of his poison	fables-03_3	fables-03_Q12	fables-03
An Eagle	fables-03_0	fables-03_Q13	fables-03
revenge	fables-03_3	fables-03_Q14	fables-03
A countryman	fables-03_2	fables-03_Q15	fables-03
A countryman	fables-03_2	fables-03_Q16	fables-03
with his exertions	fables-03_4	fables-03_Q17	fables-03
A countryman	fables-03_2	fables-03_Q18	fables-03
In revenge the Serpent spat some of his poison into the man's drinking-horn.	fables-03_3	fables-03_Q19	fables-03
An Eagle	fables-03_0	fables-03_Q2	fables-03
In revenge the Serpent spat some of his poison into the man's drinking-horn.	fables-03_3	fables-03_Q20	fables-03
his exertions	fables-03_4	fables-03_Q21	fables-03
An Eagle	fables-03_0	fables-03_Q22	fables-03
revenge	fables-03_3	fables-03_Q23	fables-03
In revenge the Serpent spat some of his poison into the man's drinking-horn.	fables-03_3	fables-03_Q24	fables-03
An Eagle	fables-03_0	fables-03_Q25	fables-03
A countryman	fables-03_2	fables-03_Q26	fables-03
into the man 's drinking-horn	fables-03_3	fables-03_Q27	fables-03
A countryman	fables-03_2	fables-03_Q28	fables-03
An Eagle	fables-03_0	fables-03_Q29	fables-03
An Eagle	fables-03_0	fables-03_Q30	fables-03
his exertions	fables-03_4	fables-03_Q31	fables-03
upon a Serpent	fables-03_0	fables-03_Q32	fables-03
A countryman	fables-03_2	fables-03_Q33	fables-03
An Eagle	fables-03_0	fables-03_Q34	fables-03
upon a Serpent	fables-03_0	fables-03_Q35	fables-03
his exertions	fables-03_4	fables-03_Q36	fables-03
revenge	fables-03_3	fables-03_Q37	fables-03
upon a Serpent	fables-03_0	fables-03_Q3	fables-03
A countryman	fables-03_2	fables-03_Q4	fables-03
In revenge the Serpent spat some of his poison into the man's drinking-horn.	fables-03_3	fables-03_Q5	fables-03
into the man 's drinking-horn 	fables-03_3	fables-03_Q6	fables-03
to the assistance of the Eagle	fables-03_2	fables-03_Q7	fables-03
his exertions	fables-03_4	fables-03_Q8	fables-03
with his exertions	fables-03_4	fables-03_Q9	fables-03
A Fox	fables-04_0	fables-04_Q1	fables-04
the Stork	fables-04_3	fables-04_Q10	fables-04
But not long after the Stork invited him in turn, and set before him a pitcher with a long and narrow neck, into which she could get her bill with ease.	fables-04_3	fables-04_Q11	fables-04
The Fox lapped it up with great relish, but the Stork with her long bill tried in vain to partake of the savoury broth.	fables-04_1	fables-04_Q12	fables-04
at which the only fare provided was a large dish	fables-04_0	fables-04_Q13	fables-04
the Stork	fables-04_3	fables-04_Q14	fables-04
the Stork	fables-04_3	fables-04_Q15	fables-04
at which the only fare provided was a large dish	fables-04_0	fables-04_Q16	fables-04
the Stork	fables-04_3	fables-04_Q17	fables-04
savoury	fables-04_1	fables-04_Q18	fables-04
tried of the savoury broth	fables-04_1	fables-04_Q19	fables-04
A Fox	fables-04_0	fables-04_Q20	fables-04
she	fables-04_4	fables-04_Q21	fables-04
But not long after the Stork invited him in turn, and set before him a pitcher with a long and narrow neck, into which she could get her bill with ease.	fables-04_3	fables-04_Q22	fables-04
Her evident distress caused the sly Fox much amusement.	fables-04_2	fables-04_Q23	fables-04
Fox	fables-04_2	fables-04_Q24	fables-04
the Stork	fables-04_3	fables-04_Q25	fables-04
A Fox	fables-04_0	fables-04_Q26	fables-04
of the savoury broth	fables-04_1	fables-04_Q27	fables-04
A Fox invited a Stork to dinner, at which the only fare provided was a large flat dish of soup.	fables-04_0	fables-04_Q2	fables-04
the vessel	fables-04_4	fables-04_Q3	fables-04
she	fables-04_4	fables-04_Q4	fables-04
lapped with great relish	fables-04_1	fables-04_Q5	fables-04
for it was impossible for him to reach the tempting contents of the vessel	fables-04_4	fables-04_Q6	fables-04
in turn	fables-04_3	fables-04_Q7	fables-04
for it was impossible for him to reach the tempting contents of the vessel	fables-04_4	fables-04_Q8	fables-04
The Fox lapped it up with great relish, but the Stork with her long bill tried in vain to partake of the savoury broth.	fables-04_1	fables-04_Q9	fables-04
A Farmer	fables-05_0	fables-05_Q1	fables-05
It	fables-05_3	fables-05_Q10	fables-05
It	fables-05_3	fables-05_Q11	fables-05
lost all his harvest .	fables-05_3	fables-05_Q12	fables-05
As ill-luck would have it, however, the Fox made straight for the fields where the corn was standing ripe and ready for cutting.	fables-05_2	fables-05_Q13	fables-05
A Farmer	fables-05_0	fables-05_Q14	fables-05
for the fields where the corn was standing ripe and ready for cutting	fables-05_2	fables-05_Q15	fables-05
It	fables-05_3	fables-05_Q16	fables-05
It quickly caught fire and was all burnt up, and the Farmer lost all his harvest.	fables-05_3	fables-05_Q17	fables-05
for the fields where the corn was standing ripe and ready for cutting	fables-05_2	fables-05_Q18	fables-05
-	fables-05_0	fables-05_Q19	fables-05
and ready for cutting 	fables-05_2	fables-05_Q20	fables-05
for the fields where the corn was standing ripe and ready for cutting	fables-05_2	fables-05_Q21	fables-05
It	fables-05_3	fables-05_Q22	fables-05
ill-luck	fables-05_2	fables-05_Q23	fables-05
It	fables-05_3	fables-05_Q24	fables-05
fire	fables-05_3	fables-05_Q25	fables-05
the fields	fables-05_2	fables-05_Q2	fables-05
It	fables-05_3	fables-05_Q3	fables-05
It	fables-05_3	fables-05_Q4	fables-05
order of tow to his tail	fables-05_1	fables-05_Q5	fables-05
ill-luck	fables-05_2	fables-05_Q6	fables-05
for the fields where the corn was standing ripe and ready for cutting	fables-05_2	fables-05_Q7	fables-05
It	fables-05_3	fables-05_Q8	fables-05
all his harvest	fables-05_3	fables-05_Q9	fables-05
his lair by a Mouse running over his face	fables-06_0	fables-06_Q1	fables-06
by a Mouse running over his face	fables-06_0	fables-06_Q10	fables-06
which had been spread for game by some hunters and the Mouse heard and recognised his roars of anger and ran to the spot	fables-06_6	fables-06_Q11	fables-06
The Mouse	fables-06_2	fables-06_Q12	fables-06
over his face	fables-06_0	fables-06_Q13	fables-06
in a net which had been spread for game	fables-06_6	fables-06_Q14	fables-06
to gnaw the ropes with its teeth	fables-06_7	fables-06_Q15	fables-06
more ado	fables-06_7	fables-06_Q16	fables-06
the Mouse	fables-06_9	fables-06_Q17	fables-06
he seized it with his paw	fables-06_1	fables-06_Q18	fables-06
more ado	fables-06_7	fables-06_Q19	fables-06
A Lion asleep in his lair	fables-06_0	fables-06_Q2	fables-06
One day the Lion got entangled in a net which had been spread for game by some hunters, and the Mouse heard and recognised his roars of anger and ran to the spot.	fables-06_6	fables-06_Q20	fables-06
the Mouse	fables-06_9	fables-06_Q21	fables-06
his temper he seized it with his paw	fables-06_1	fables-06_Q22	fables-06
the ropes	fables-06_7	fables-06_Q23	fables-06
with its teeth	fables-06_7	fables-06_Q24	fables-06
the Mouse	fables-06_9	fables-06_Q25	fables-06
in a net which had been spread for game	fables-06_6	fables-06_Q26	fables-06
Losing his temper he seized it with his paw and was about to kill it .	fables-06_1	fables-06_Q27	fables-06
by a Mouse running over his face	fables-06_0	fables-06_Q28	fables-06
his lair by a Mouse running over his face	fables-06_0	fables-06_Q29	fables-06
game by some hunters of anger to the spot	fables-06_6	fables-06_Q30	fables-06
anything	fables-06_4	fables-06_Q3	fables-06
game by some hunters of anger to the spot	fables-06_6	fables-06_Q4	fables-06
more ado	fables-06_7	fables-06_Q5	fables-06
up by a Mouse running over his face .	fables-06_0	fables-06_Q6	fables-06
the Lion	fables-06_6	fables-06_Q7	fables-06
more ado	fables-06_7	fables-06_Q8	fables-06
the ropes	fables-06_7	fables-06_Q9	fables-06
on the stable roof	fables-07_3	fables-07_Q1	fables-07
The Wolf	fables-07_2	fables-07_Q2	fables-07
A Dog	fables-07_0	fables-07_Q3	fables-07
begged for his life	fables-07_0	fables-07_Q4	fables-07
A Dog	fables-07_0	fables-07_Q5	fables-07
The Wolf	fables-07_2	fables-07_Q6	fables-07
the farmyard again , and found the Dog lying out of reach on the stable roof 	fables-07_3	fables-07_Q7	fables-07
he came to the farmyard again	fables-07_3	fables-07_Q8	fables-07
A Dog	fables-07_0	fables-07_Q9	fables-07
to visit some friends	mc500.train.0_4	mc500.train.0_Q0	mc500.train.0
a salad	mc500.train.0_14	mc500.train.0_Q1	mc500.train.0
for dinner	mc500.train.0_11	mc500.train.0_Q10	mc500.train.0
Ellen 's house	mc500.train.0_17	mc500.train.0_Q11	mc500.train.0
Ellen greeted Alyssa and they both had some lemonade to drink.	mc500.train.0_7	mc500.train.0_Q12	mc500.train.0
eating After eating , the ladies went back to Ellen 's house to have fun	mc500.train.0_17	mc500.train.0_Q13	mc500.train.0
Yes	mc500.train.0_18	mc500.train.0_Q14	mc500.train.0
Yes	mc500.train.0_6	mc500.train.0_Q15	mc500.train.0
going swimming	mc500.train.0_6	mc500.train.0_Q16	mc500.train.0
Yes	mc500.train.0_0	mc500.train.0_Q17	mc500.train.0
She's from Charlotte.	mc500.train.0_1	mc500.train.0_Q18	mc500.train.0
-	-	mc500.train.0_Q19	mc500.train.0
the ladies	mc500.train.0_17	mc500.train.0_Q2	mc500.train.0
Alyssa	mc500.train.0_8	mc500.train.0_Q20	mc500.train.0
to have fun	mc500.train.0_17	mc500.train.0_Q21	mc500.train.0
Yes	mc500.train.0_17	mc500.train.0_Q22	mc500.train.0
to Ellen 's house	mc500.train.0_17	mc500.train.0_Q23	mc500.train.0
from Atlanta	mc500.train.0_2	mc500.train.0_Q3	mc500.train.0
It was a happy time for everyone.	mc500.train.0_10	mc500.train.0_Q4	mc500.train.0
because they were tired	mc500.train.0_19	mc500.train.0_Q5	mc500.train.0
-	-	mc500.train.0_Q6	mc500.train.0
Alyssa	mc500.train.0_20	mc500.train.0_Q7	mc500.train.0
The restaurant had a special on catfish.	mc500.train.0_12	mc500.train.0_Q8	mc500.train.0
Kristin had soup.	mc500.train.0_15	mc500.train.0_Q9	mc500.train.0
When at the store, Will had a good laugh at a very silly looking dog.	mc500.train.111_12	mc500.train.111_Q0	mc500.train.111
to thunder	mc500.train.111_13	mc500.train.111_Q1	mc500.train.111
he	mc500.train.111_15	mc500.train.111_Q10	mc500.train.111
He also had jam with it.	mc500.train.111_5	mc500.train.111_Q11	mc500.train.111
chicken , gravy or	mc500.train.111_6	mc500.train.111_Q12	mc500.train.111
he did n't have to get wet walking home	mc500.train.111_15	mc500.train.111_Q13	mc500.train.111
to rain	mc500.train.111_10	mc500.train.111_Q14	mc500.train.111
a napkin	mc500.train.111_9	mc500.train.111_Q2	mc500.train.111
the store Will	mc500.train.111_12	mc500.train.111_Q3	mc500.train.111
in the kitchen 	mc500.train.111_7	mc500.train.111_Q4	mc500.train.111
a napkin	mc500.train.111_9	mc500.train.111_Q5	mc500.train.111
in the trashcan	mc500.train.111_9	mc500.train.111_Q6	mc500.train.111
The song was about a flower.	mc500.train.111_1	mc500.train.111_Q7	mc500.train.111
his favorite song	mc500.train.111_0	mc500.train.111_Q8	mc500.train.111
the night sky	mc500.train.111_3	mc500.train.111_Q9	mc500.train.111
one morning	mc500.train.18_0	mc500.train.18_Q0	mc500.train.18
collected of the flowers	mc500.train.18_6	mc500.train.18_Q1	mc500.train.18
her mother	mc500.train.18_11	mc500.train.18_Q10	mc500.train.18
Her mother 's favorite	mc500.train.18_12	mc500.train.18_Q11	mc500.train.18
Finally, her mother woke up at 8:30 AM, and Kelly was excited!	mc500.train.18_10	mc500.train.18_Q12	mc500.train.18
with string	mc500.train.18_6	mc500.train.18_Q13	mc500.train.18
the biggest , bunch of flowers her mother had ever seen	mc500.train.18_2	mc500.train.18_Q14	mc500.train.18
Morgan	mc500.train.18_8	mc500.train.18_Q15	mc500.train.18
she hid them in a new spot	mc500.train.18_9	mc500.train.18_Q16	mc500.train.18
her mother	mc500.train.18_11	mc500.train.18_Q17	mc500.train.18
her back yard	mc500.train.18_0	mc500.train.18_Q18	mc500.train.18
The red ones	mc500.train.18_5	mc500.train.18_Q19	mc500.train.18
Kelly gave her mother the flowers.	mc500.train.18_11	mc500.train.18_Q2	mc500.train.18
Yes	mc500.train.18_0	mc500.train.18_Q20	mc500.train.18
collected After Kelly collected all of the flowers , she went inside and tied them together with string	mc500.train.18_6	mc500.train.18_Q21	mc500.train.18
a lot of different flowers	mc500.train.18_4	mc500.train.18_Q3	mc500.train.18
her mother	mc500.train.18_11	mc500.train.18_Q4	mc500.train.18
her yard	mc500.train.18_3	mc500.train.18_Q5	mc500.train.18
in a secret spot	mc500.train.18_7	mc500.train.18_Q6	mc500.train.18
because it was Mother 's Day and she had to collect flowers before her mom woke up to give to her as a present	mc500.train.18_1	mc500.train.18_Q7	mc500.train.18
was	mc500.train.18_10	mc500.train.18_Q8	mc500.train.18
The red ones were big, the orange ones were small, and the green ones were in the middle.	mc500.train.18_5	mc500.train.18_Q9	mc500.train.18
Saturday afternoon	mc500.train.23_0	mc500.train.23_Q0	mc500.train.23
It was Saturday afternoon and Andrew was bored.	mc500.train.23_0	mc500.train.23_Q1	mc500.train.23
The people and animals at the circus	mc500.train.23_16	mc500.train.23_Q10	mc500.train.23
Andrew and his dad ate lots of peanuts.	mc500.train.23_18	mc500.train.23_Q11	mc500.train.23
at the circus	mc500.train.23_20	mc500.train.23_Q12	mc500.train.23
fun at the circus	mc500.train.23_20	mc500.train.23_Q13	mc500.train.23
by the door 	mc500.train.23_5	mc500.train.23_Q14	mc500.train.23
The elephant	mc500.train.23_17	mc500.train.23_Q15	mc500.train.23
The people and animals at the circus did lots of tricks.	mc500.train.23_16	mc500.train.23_Q16	mc500.train.23
-	-	mc500.train.23_Q17	mc500.train.23
need your goldfish	mc500.train.23_12	mc500.train.23_Q18	mc500.train.23
Andrew and his dad	mc500.train.23_20	mc500.train.23_Q19	mc500.train.23
outside the window	mc500.train.23_5	mc500.train.23_Q2	mc500.train.23
On the front was a picture of an elephant.	mc500.train.23_6	mc500.train.23_Q20	mc500.train.23
On the front was a picture of an elephant.	mc500.train.23_6	mc500.train.23_Q3	mc500.train.23
On the front	mc500.train.23_6	mc500.train.23_Q4	mc500.train.23
all day	mc500.train.23_1	mc500.train.23_Q5	mc500.train.23
the story	mc500.train.23_8	mc500.train.23_Q6	mc500.train.23
town	mc500.train.23_9	mc500.train.23_Q7	mc500.train.23
no	mc500.train.23_10	mc500.train.23_Q8	mc500.train.23
some goldfish food	mc500.train.23_13	mc500.train.23_Q9	mc500.train.23
by the river	mc500.train.25_0	mc500.train.25_Q0	mc500.train.25
by the river	mc500.train.25_0	mc500.train.25_Q1	mc500.train.25
was	mc500.train.25_8	mc500.train.25_Q10	mc500.train.25
Maxine 's dad	mc500.train.25_8	mc500.train.25_Q11	mc500.train.25
Maxine 's dad	mc500.train.25_8	mc500.train.25_Q12	mc500.train.25
-	-	mc500.train.25_Q13	mc500.train.25
So one day when Maxine and Thomas were swimming	mc500.train.25_6	mc500.train.25_Q14	mc500.train.25
Martin	mc500.train.25_5	mc500.train.25_Q15	mc500.train.25
loved in the water	mc500.train.25_1	mc500.train.25_Q16	mc500.train.25
threw rocks	mc500.train.25_7	mc500.train.25_Q17	mc500.train.25
that Cindy	mc500.train.25_10	mc500.train.25_Q18	mc500.train.25
that	mc500.train.25_10	mc500.train.25_Q19	mc500.train.25
any rocks	mc500.train.25_10	mc500.train.25_Q2	mc500.train.25
that	mc500.train.25_10	mc500.train.25_Q20	mc500.train.25
that	mc500.train.25_10	mc500.train.25_Q3	mc500.train.25
every day	mc500.train.25_1	mc500.train.25_Q4	mc500.train.25
loved in the water	mc500.train.25_1	mc500.train.25_Q5	mc500.train.25
in the water	mc500.train.25_11	mc500.train.25_Q6	mc500.train.25
since they could play in the water as much as they wanted without other frogs being mean to them	mc500.train.25_11	mc500.train.25_Q7	mc500.train.25
that	mc500.train.25_10	mc500.train.25_Q8	mc500.train.25
that	mc500.train.25_10	mc500.train.25_Q9	mc500.train.25
